CREATE TABLE clientes(
    cpf VARCHAR(11) PRIMARY KEY,
    nome VARCHAR(150) NOT NULL,
    telefone VARCHAR(50),
    id VARCHAR(10) NOT NULL,
    FOREIGN KEY (id) REFERENCES produto (id)
);

CREATE TABLE empresa(
    cnpj VARCHAR(13) PRIMARY KEY,
    nome VARCHAR(50) NOT NULL,
    patrimonio INT NOT NULL,
    data_criação DATE NOT NULL
    id VARCHAR(10) NOT NULL,
    codigo VARCHAR(10) NOT NULL,
    id VARCHAR(10) NOT NULL,
    FOREIGN KEY (codigo) REFERENCES setores (codigo),
    FOREIGN KEY (id) REFERENCES funcionarios (id).
    FOREIGN KEY (id) REFERENCES produto (id)
);

CREATE TABLE setores(
    codigo VARCHAR(10) PRIMARY KEY,
    funcao VARCHAR(30) NOT NULL,
    gastos INT NOT NULL,
    lucro INT NOT NULL,
    id VARCHAR(10) NOT NULL,
    cnpj VARCHAR(13) NOT NULL,
    FOREIGN KEY (id) REFERENCES funcionarios (id),
    FOREIGN KEY (cnpj) REFERENCES empresa (cnpj)
);

CREATE TABLE produto(
    id VARCHAR(10) PRIMARY KEY,
    valor INT NOT NULL,
    nome VARCHAR(40) NOT NULL,
    cnpj VARCHAR(13) NOT NULL,
);

CREATE TABLE funcionarios(
    id VARCHAR(10) PRIMARY KEY,
    salario INT NOT NULL,
    horario VARCHAR(12) NOT NULL,
    cnpj VARCHAR(13) NOT NULL,
    FOREIGN KEY (cnpj) REFERENCES empresa (cnpj)
);

INSERT INTO clientes (cpf, nome, telefone, id) VALUES
  ('11111111111', 'Cliente 1', '1111111111', 'id1'),
  ('22222222222', 'Cliente 2', '2222222222', 'id2'),
  ('33333333333', 'Cliente 3', '3333333333', 'id3'),
  ('44444444444', 'Cliente 4', '4444444444', 'id4'),
  ('55555555555', 'Cliente 5', '5555555555', 'id5'),
  ('66666666666', 'Cliente 6', '6666666666', 'id6'),
  ('77777777777', 'Cliente 7', '7777777777', 'id7'),
  ('88888888888', 'Cliente 8', '8888888888', 'id8'),
  ('99999999999', 'Cliente 9', '9999999999', 'id9'),
  ('10101010101', 'Cliente 10', '1010101010', 'id10'),
  ('12121212121', 'Cliente 11', '1212121212', 'id11'),
  ('13131313131', 'Cliente 12', '1313131313', 'id12'),
  ('14141414141', 'Cliente 13', '1414141414', 'id13'),
  ('15151515151', 'Cliente 14', '1515151515', 'id14'),
  ('16161616161', 'Cliente 15', '1616161616', 'id15'),
  ('17171717171', 'Cliente 16', '1717171717', 'id16'),
  ('18181818181', 'Cliente 17', '1818181818', 'id17'),
  ('19191919191', 'Cliente 18', '1919191919', 'id18'),
  ('20202020202', 'Cliente 19', '2020202020', 'id19'),
  ('21212121212', 'Cliente 20', '2121212121', 'id20'),
  ('22222222222', 'Cliente 21', '2222222222', 'id21'),
  ('23232323232', 'Cliente 22', '2323232323', 'id22'),
  ('24242424242', 'Cliente 23', '2424242424', 'id23'),
  ('25252525252', 'Cliente 24', '2525252525', 'id24'),
  ('26262626262', 'Cliente 25', '2626262626', 'id25'),
  ('27272727272', 'Cliente 26', '2727272727', 'id26'),
  ('28282828282', 'Cliente 27', '2828282828', 'id27'),
  ('29292929292', 'Cliente 28', '2929292929', 'id28'),
  ('30303030303', 'Cliente 29', '3030303030', 'id29'),
  ('31313131313', 'Cliente 30', '3131313131', 'id30');

INSERT INTO empresa (cnpj, nome, patrimonio, data_criação, id, codigo) VALUES
  ('1111111111111', 'Empresa 1', 1000000, '2023-01-01', 'id1', 'codigo1'),
  ('2222222222222', 'Empresa 2', 2000000, '2023-02-01', 'id2', 'codigo2'),
  ('3333333333333', 'Empresa 3', 3000000, '2023-03-01', 'id3', 'codigo3'),
  ('4444444444444', 'Empresa 4', 4000000, '2023-04-01', 'id4', 'codigo4'),
  ('5555555555555', 'Empresa 5', 5000000, '2023-05-01', 'id5', 'codigo5'),
  ('6666666666666', 'Empresa 6', 6000000, '2023-06-01', 'id6', 'codigo6'),
  ('7777777777777', 'Empresa 7', 7000000, '2023-07-01', 'id7', 'codigo7'),
  ('8888888888888', 'Empresa 8', 8000000, '2023-08-01', 'id8', 'codigo8'),
  ('9999999999999', 'Empresa 9', 9000000, '2023-09-01', 'id9', 'codigo9'),
  ('1010101010101', 'Empresa 10', 10000000, '2023-10-01', 'id10', 'codigo10'),
  ('1111111111111', 'Empresa 11', 11000000, '2023-11-01', 'id11', 'codigo11'),
  ('1212121212121', 'Empresa 12', 12000000, '2023-12-01', 'id12', 'codigo12'),
  ('1313131313131', 'Empresa 13', 13000000, '2024-01-01', 'id13', 'codigo13'),
  ('1414141414141', 'Empresa 14', 14000000, '2024-02-01', 'id14', 'codigo14'),
  ('1515151515151', 'Empresa 15', 15000000, '2024-03-01', 'id15', 'codigo15'),
  ('1616161616161', 'Empresa 16', 16000000, '2024-04-01', 'id16', 'codigo16'),
  ('1717171717171', 'Empresa 17', 17000000, '2024-05-01', 'id17', 'codigo17'),
  ('1818181818181', 'Empresa 18', 18000000, '2024-06-01', 'id18', 'codigo18'),
  ('1919191919191', 'Empresa 19', 19000000, '2024-07-01', 'id19', 'codigo19'),
  ('2020202020202', 'Empresa 20', 20000000, '2024-08-01', 'id20', 'codigo20'),
  ('2121212121212', 'Empresa 21', 21000000, '2024-09-01', 'id21', 'codigo21'),
  ('2222222222222', 'Empresa 22', 22000000, '2024-10-01', 'id22', 'codigo22'),
  ('2323232323232', 'Empresa 23', 23000000, '2024-11-01', 'id23', 'codigo23'),
  ('2424242424242', 'Empresa 24', 24000000, '2024-12-01', 'id24', 'codigo24'),
  ('2525252525252', 'Empresa 25', 25000000, '2025-01-01', 'id25', 'codigo25'),
  ('2626262626262', 'Empresa 26', 26000000, '2025-02-01', 'id26', 'codigo26'),
  ('2727272727272', 'Empresa 27', 27000000, '2025-03-01', 'id27', 'codigo27'),
  ('2828282828282', 'Empresa 28', 28000000, '2025-04-01', 'id28', 'codigo28'),
  ('2929292929292', 'Empresa 29', 29000000, '2025-05-01', 'id29', 'codigo29'),
  ('3030303030303', 'Empresa 30', 30000000, '2025-06-01', 'id30', 'codigo30');

INSERT INTO setores (codigo, funcao, gastos, lucro, id, cnpj) VALUES
  ('codigo1', 'Setor 1', 100000, 50000, 'id1', '1111111111111'),
  ('codigo2', 'Setor 2', 200000, 100000, 'id2', '2222222222222'),
  ('codigo3', 'Setor 3', 300000, 150000, 'id3', '3333333333333'),
  ('codigo4', 'Setor 4', 400000, 200000, 'id4', '4444444444444'),
  ('codigo5', 'Setor 5', 500000, 250000, 'id5', '5555555555555'),
  ('codigo6', 'Setor 6', 600000, 300000, 'id6', '6666666666666'),
  ('codigo7', 'Setor 7', 700000, 350000, 'id7', '7777777777777'),
  ('codigo8', 'Setor 8', 800000, 400000, 'id8', '8888888888888'),
  ('codigo9', 'Setor 9', 900000, 450000, 'id9', '9999999999999'),
  ('codigo10', 'Setor 10', 1000000, 500000, 'id10', '1010101010101'),
  ('codigo11', 'Setor 11', 1100000, 550000, 'id11', '1111111111111'),
  ('codigo12', 'Setor 12', 1200000, 600000, 'id12', '1212121212121'),
  ('codigo13', 'Setor 13', 1300000, 650000, 'id13', '1313131313131'),
  ('codigo14', 'Setor 14', 1400000, 700000, 'id14', '1414141414141'),
  ('codigo15', 'Setor 15', 1500000, 750000, 'id15', '1515151515151'),
  ('codigo16', 'Setor 16', 1600000, 800000, 'id16', '1616161616161'),
  ('codigo17', 'Setor 17', 1700000, 850000, 'id17', '1717171717171'),
  ('codigo18', 'Setor 18', 1800000, 900000, 'id18', '1818181818181'),
  ('codigo19', 'Setor 19', 1900000, 950000, 'id19', '1919191919191'),
  ('codigo20', 'Setor 20', 2000000, 1000000, 'id20', '2020202020202'),
  ('codigo21', 'Setor 21', 2100000, 1050000, 'id21', '2121212121212'),
  ('codigo22', 'Setor 22', 2200000, 1100000, 'id22', '2222222222222'),
  ('codigo23', 'Setor 23', 2300000, 1150000, 'id23', '2323232323232'),
  ('codigo24', 'Setor 24', 2400000, 1200000, 'id24', '2424242424242'),
  ('codigo25', 'Setor 25', 2500000, 1250000, 'id25', '2525252525252'),
  ('codigo26', 'Setor 26', 2600000, 1300000, 'id26', '2626262626262'),
  ('codigo27', 'Setor 27', 2700000, 1350000, 'id27', '2727272727272'),
  ('codigo28', 'Setor 28', 2800000, 1400000, 'id28', '2828282828282'),
  ('codigo29', 'Setor 29', 2900000, 1450000, 'id29', '2929292929292'),
  ('codigo30', 'Setor 30', 3000000, 1500000, 'id30', '3030303030303');

INSERT INTO produto (id, valor, nome) VALUES
  ('id1', 100, 'Produto 1'),
  ('id2', 200, 'Produto 2'),
  ('id3', 300, 'Produto 3'),
  ('id4', 400, 'Produto 4'),
  ('id5', 500, 'Produto 5'),
  ('id6', 600, 'Produto 6'),
  ('id7', 700, 'Produto 7'),
  ('id8', 800, 'Produto 8'),
  ('id9', 900, 'Produto 9'),
  ('id10', 1000, 'Produto 10'),
  ('id11', 1100, 'Produto 11'),
  ('id12', 1200, 'Produto 12'),
  ('id13', 1300, 'Produto 13'),
  ('id14', 1400, 'Produto 14'),
  ('id15', 1500, 'Produto 15'),
  ('id16', 1600, 'Produto 16'),
  ('id17', 1700, 'Produto 17'),
  ('id18', 1800, 'Produto 18'),
  ('id19', 1900, 'Produto 19'),
  ('id20', 2000, 'Produto 20'),
  ('id21', 2100, 'Produto 21'),
  ('id22', 2200, 'Produto 22'),
  ('id23', 2300, 'Produto 23'),
  ('id24', 2400, 'Produto 24'),
  ('id25', 2500, 'Produto 25'),
  ('id26', 2600, 'Produto 26'),
  ('id27', 2700, 'Produto 27'),
  ('id28', 2800, 'Produto 28'),
  ('id29', 2900, 'Produto 29'),
  ('id30', 3000, 'Produto 30');
